{
    "epochs": 3,
    "batch_size": 16,
    "learning_rate": 1e-05,
    "reward_type": "sparse",
    "training_stats": [
        {
            "epoch": 1,
            "mean_reward": 0.838087890625,
            "mean_loss": 28.314941864013672
        },
        {
            "epoch": 2,
            "mean_reward": 0.8347010726928711,
            "mean_loss": 21.066125205993654
        },
        {
            "epoch": 3,
            "mean_reward": 0.83718359375,
            "mean_loss": 13.8708687376976
        }
    ],
    "final_mean_reward": 0.83718359375
}