{
    "epochs": 3,
    "batch_size": 16,
    "learning_rate": 1e-05,
    "reward_type": "dense",
    "training_stats": [
        {
            "epoch": 1,
            "mean_reward": 0.840935421114454,
            "mean_loss": 0.6507056579589844
        },
        {
            "epoch": 2,
            "mean_reward": 0.837852521013075,
            "mean_loss": 0.48737835693359377
        },
        {
            "epoch": 3,
            "mean_reward": 0.8427871954660606,
            "mean_loss": 0.3652150993347168
        }
    ],
    "final_mean_reward": 0.8427871954660606
}